{
    "intrinsics": {
        "width": 640,
        "height": 360,
        "K": [
            [
                481.2115478515625,
                0.0,
                324.6005554199219
            ],
            [
                0.0,
                481.2115478515625,
                176.78329467773438
            ],
            [
                0.0,
                0.0,
                1.0
            ]
        ],
        "dist": [
            [
                0.0,
                0.0,
                0.0,
                0.0,
                0.0,
                0.0,
                0.0,
                0.0
            ]
        ]
    },
    "lidar0_to_lidar1": [
        0.99899600,
        -0.01569330,
        0.04195780,
        -0.82264400,
        0.01570710,
        0.99987700,
        0.00000151,
        -0.09627940,
        -0.04195270,
        0.00065753,
        0.99911900,
        -0.04240590,
        0.00000000,
        0.00000000,
        0.00000000,
        1.00000000
    ],
    "lidar0_to_cam0": [
        -0.98549539,
        -0.16937595,
        0.01051886,
        -0.27687100,
        0.01095046,
        -0.00161297,
        0.99993890,
        -0.05964600,
        -0.16934925,
        0.98555000,
        0.00344461,
        -0.06208280,
        0.00000000,
        0.00000000,
        0.00000000,
        1.00000000
    ],
    "lidar1_to_cam0": [
        -0.98747801,
        -0.15261196,
        -0.03995478,
        0.53,
        -0.03707262,
        -0.02168622,
        0.99907675,
        0.03,
        -0.15333688,
        0.98804857,
        0.0157571,
        0.0,
        0.0,
        0.0,
        0.0,
        1.0
    ],
    "lidar0_to_cam1": [
        -0.98549539,
        -0.16937595,
        0.01051886,
        -0.39506296,
        0.01095046,
        -0.00161297,
        0.99993890,
        -0.04828867,
        -0.16934925,
        0.98555000,
        0.00344461,
        -0.07945160,
        0.00000000,
        0.00000000,
        0.00000000,
        1.00000000
    ]
}