{
    "intrinsics": {
        "width": 640,
        "height": 360,
        "K": [
            [
                481.2115478515625,
                0.0,
                324.6005554199219
            ],
            [
                0.0,
                481.2115478515625,
                176.78329467773438
            ],
            [
                0.0,
                0.0,
                1.0
            ]
        ],
        "dist": [
            [
                0.0,
                0.0,
                0.0,
                0.0,
                0.0,
                0.0,
                0.0,
                0.0
            ]
        ]
    },
    "lidar0_to_lidar1": [
        0.94319500,
        -0.32632800,
        0.06239060,
        -0.87660300,
        0.32659000,
        0.94514600,
        0.00624879,
        -0.15752100,
        -0.06100740,
        0.01448230,
        0.99803200,
        -0.00047636,
        0.00000000,
        0.00000000,
        0.00000000,
        1.00000000
    ],
    "lidar0_to_cam0": [
        -0.97263613,
        -0.22869520,
        0.04095258,
        -0.42800000,
        0.05048190,
        -0.03597220,
        0.99807701,
        -0.01168870,
        -0.22678220,
        0.97283305,
        0.04653270,
        0.13393600,
        0.00000000,
        0.00000000,
        0.00000000,
        1.00000000
    ],
    "lidar1_to_cam0": [
        -0.99393688,
        0.08747751,
        -0.06661369,
        0.53,
        -0.06936121,
        -0.02875152,
        0.99717712,
        0.03,
        0.08531582,
        0.99575207,
        0.03464452,
        0.0,
        0.0,
        0.0,
        0.0,
        1.0
    ],
    "lidar0_to_cam1": [
        -0.97263613,
        -0.22869520,
        0.04095258,
        -0.54451976,
        0.05048190,
        -0.03597220,
        0.99807701,
        0.00427658,
        -0.22678220,
        0.97283305,
        0.04653270,
        0.11009800,
        0.00000000,
        0.00000000,
        0.00000000,
        1.00000000
    ]
}