{
    "intrinsics": {
        "width": 640,
        "height": 360,
        "K": [
            [
                481.2115478515625,
                0.0,
                324.6005554199219
            ],
            [
                0.0,
                481.2115478515625,
                176.78329467773438
            ],
            [
                0.0,
                0.0,
                1.0
            ]
        ],
        "dist": [
            [
                0.0,
                0.0,
                0.0,
                0.0,
                0.0,
                0.0,
                0.0,
                0.0
            ]
        ]
    },
    "lidar0_to_lidar1": [
        0.94319500,
        -0.32632800,
        0.06239060,
        -0.87660300,
        0.32659000,
        0.94514600,
        0.00624879,
        -0.15752100,
        -0.06100740,
        0.01448230,
        0.99803200,
        -0.00047636,
        0.00000000,
        0.00000000,
        0.00000000,
        1.00000000
    ],
    "lidar0_to_cam0": [
        -0.98666798,
        0.13673909,
        -0.08824982,
        0.530212,
        -0.08851021,
        0.00418637,
        0.99606674,
        -0.181762,
        0.13657028,
        0.99059847,
        0.00797194,
        -0.0596177,
        0.0,
        0.0,
        0.0,
        1.0
    ],
    "lidar1_to_cam0": [
        -0.99995273,
        0.00169368,
        -0.00954987,
        -0.43991800,
        -0.00940942,
        0.06935012,
        0.99754843,
        0.00308437,
        0.00235189,
        0.99759067,
        -0.06933130,
        0.03058840,
        0.00000000,
        0.00000000,
        0.00000000,
        1.00000000
    ],
    "lidar1_to_cam1": [
        -0.99995273,
        0.00169368,
        -0.00954987,
        -0.55954684,
        -0.00940942,
        0.06935012,
        0.99754843,
        0.01218835,
        0.00235189,
        0.99759067,
        -0.06933130,
        0.03304839,
        0.00000000,
        0.00000000,
        0.00000000,
        1.00000000
    ]
}