{
    "intrinsics": {
        "width": 640,
        "height": 360,
        "K": [
            [
                481.2115478515625,
                0.0,
                324.6005554199219
            ],
            [
                0.0,
                481.2115478515625,
                176.78329467773438
            ],
            [
                0.0,
                0.0,
                1.0
            ]
        ],
        "dist": [
            [
                0.0,
                0.0,
                0.0,
                0.0,
                0.0,
                0.0,
                0.0,
                0.0
            ]
        ]
    },
    "lidar0_to_lidar1": [
        0.99524234,
        -0.08784871,
        0.04212628,
        -0.86310056,
        0.08749422,
        0.99611280,
        0.01019099,
        -0.09546475,
        -0.04285782,
        -0.00645671,
        0.99906064,
        0.01718707,
        0.00000000,
        0.00000000,
        0.00000000,
        1.00000000
    ],
    "lidar0_to_cam0": [
        -0.98786023,
        -0.15472640,
        0.01382408,
        -0.33800000,
        0.01602359,
        -0.01297705,
        0.99978706,
        -0.01900000,
        -0.15451470,
        0.98787231,
        0.01529840,
        -0.00500000,
        0.00000000,
        0.00000000,
        0.00000000,
        1.00000000
    ],
    "lidar1_to_cam0": [
        -0.99605837,
        -0.07004865,
        -0.05441818,
        0.53,
        -0.05282409,
        -0.02441356,
        0.9983051,
        0.03,
        -0.07125849,
        0.99724525,
        0.02061642,
        0.0,
        0.0,
        0.0,
        0.0,
        1.0
    ],
    "lidar0_to_cam1": [
        -0.98786023,
        -0.15472640,
        0.01382408,
        -0.45639920,
        0.01602359,
        -0.01297705,
        0.99978706,
        -0.00707050,
        -0.15451470,
        0.98787231,
        0.01529840,
        -0.02046956,
        0.00000000,
        0.00000000,
        0.00000000,
        1.00000000
    ]
}