{
    "intrinsics": {
        "width": 640,
        "height": 360,
        "K": [
            [
                481.2115478515625,
                0.0,
                324.6005554199219
            ],
            [
                0.0,
                481.2115478515625,
                176.78329467773438
            ],
            [
                0.0,
                0.0,
                1.0
            ]
        ],
        "dist": [
            [
                0.0,
                0.0,
                0.0,
                0.0,
                0.0,
                0.0,
                0.0,
                0.0
            ]
        ]
    },
    "lidar0_to_lidar1": [
        0.92330000,
        -0.37213200,
        0.09505330,
        -0.91729300,
        0.37102500,
        0.92814700,
        0.02972690,
        -0.14868900,
        -0.09928570,
        0.00782026,
        0.99502800,
        0.00609414,
        0.00000000,
        0.00000000,
        0.00000000,
        1.00000000
    ],
    "lidar0_to_cam0": [
        -0.98646815,
        -0.15972386,
        0.03700723,
        -0.45900700,
        0.03979402,
        -0.01428444,
        0.99910591,
        0.04035040,
        -0.15905173,
        0.98705883,
        0.02044661,
        0.06713330,
        0.00000000,
        0.00000000,
        0.00000000,
        1.00000000
    ],
    "lidar1_to_cam0": [
        -0.97436592,
        0.20464076,
        -0.09344771,
        0.53,
        -0.09840055,
        -0.01413973,
        0.99504662,
        0.03,
        0.20230505,
        0.97873535,
        0.0339134,
        0.0,
        0.0,
        0.0,
        0.0,
        1.0
    ],
    "lidar0_to_cam1": [
        -0.98646815,
        -0.15972386,
        0.03700723,
        -0.57702112,
        0.03979402,
        -0.01428444,
        0.99910591,
        0.05511088,
        -0.15905173,
        0.98705883,
        0.02044661,
        0.05117078,
        0.00000000,
        0.00000000,
        0.00000000,
        1.00000000
    ]
}