{
    "intrinsics": {
        "width": 640,
        "height": 360,
        "K": [
            [
                481.2115478515625,
                0.0,
                324.6005554199219
            ],
            [
                0.0,
                481.2115478515625,
                176.78329467773438
            ],
            [
                0.0,
                0.0,
                1.0
            ]
        ],
        "dist": [
            [
                0.0,
                0.0,
                0.0,
                0.0,
                0.0,
                0.0,
                0.0,
                0.0
            ]
        ]
    },
    "lidar0_to_lidar1": [
        0.98533400,
        -0.16660500,
        0.03686780,
        -0.90741500,
        0.16665500,
        0.98601400,
        0.00173158,
        -0.10463700,
        -0.03664060,
        0.00443802,
        0.99931900,
        -0.03298600,
        0.00000000,
        0.00000000,
        0.00000000,
        1.00000000
    ],
    "lidar0_to_cam0": [
        -0.98778978,
        -0.15577645,
        0.00211535,
        -0.37700000,
        0.00415457,
        -0.01276602,
        0.99990987,
        -0.02100000,
        -0.15573542,
        0.98770937,
        0.01325721,
        0.06190000,
        0.00000000,
        0.00000000,
        0.00000000,
        1.00000000
    ],
    "lidar1_to_cam0": [
        -0.99915073,
        0.01099588,
        -0.03971733,
        0.532582,
        -0.03996708,
        -0.02350659,
        0.99892489,
        -0.00575242,
        0.01005042,
        0.99966325,
        0.02392633,
        0.114521,
        0.0,
        0.0,
        0.0,
        1.0
    ],
    "lidar0_to_cam1": [
        -0.98778978,
        -0.15577645,
        0.00211535,
        -0.49551152,
        0.00415457,
        -0.01276602,
        0.99990987,
        -0.01048752,
        -0.15573542,
        0.98770937,
        0.01325721,
        0.04626352,
        0.00000000,
        0.00000000,
        0.00000000,
        1.00000000
    ]
}